language,mean_chars,median_chars,mean_tokens,median_tokens,total_responses
cn,38.07253886010363,26.0,1.1364421416234887,1.0,579
en,127.88888888888889,106.0,23.08641975308642,19.0,567
jp,60.2375,50.0,1.1109375,1.0,640
