language,lexical_diversity
cn,0.9817629179331308
en,0.22077922077922077
jp,0.9915611814345991
