language,mean_tfidf_cosine,median_tfidf_cosine
cn,0.00027384218507165494,0.0
en,0.04000475812866506,0.0272569619452417
jp,0.00025982828533534707,0.0
